{
  "sheetsById": {
    "R3F UI": {
      "staticOverrides": {
        "byObject": {
          "Editor Camera snapshot #1": {
            "transform": {
              "position": {
                "x": 54.38466617187431,
                "y": 15.967373720008457,
                "z": -34.15997055134461
              },
              "target": {
                "x": 54.384665968542485,
                "y": 15.733811055579173,
                "z": -34.15997066634309
              }
            }
          },
          "Editor": {
            "transformControls": {
              "space": "world",
              "mode": "translate"
            },
            "viewport": {
              "referenceWindow": "maximized",
              "shading": "solid"
            }
          },
          "Editor Camera snapshot #2": {
            "transform": {
              "position": {
                "x": 20.836605555530763,
                "y": 18.739287803448782,
                "z": -33.17776638030474
              },
              "target": {
                "x": 13.656370909319355,
                "y": -8.096445553848591,
                "z": -20.525265407084387
              }
            }
          }
        }
      }
    }
  },
  "definitionVersion": "0.4.0",
  "revisionHistory": [
    "aqL5dIn7OhIPb1ZV"
  ]
}