{
  "sheetsById": {
    "Scene": {
      "staticOverrides": {
        "byObject": {
          "Camera": {
            "position": {
              "x": 42.89136892000208,
              "y": 1.8446897682592223,
              "z": -31.87128358978712
            },
            "rotation": {
              "x": -3.141592653589793,
              "y": 0.04058464936160255,
              "z": -3.141592653589793
            },
            "scale": {
              "x": 0.5499291246878998,
              "y": 0.42943124780997344,
              "z": 0.9615001557921747
            }
          }
        }
      },
      "sequence": {
        "subUnitsPerUnit": 30,
        "length": 3.88,
        "type": "PositionalSequence",
        "tracksByObject": {
          "Camera": {
            "trackData": {
              "pITefyBf0V": {
                "type": "BasicKeyframedTrack",
                "__debugName": "Camera:[\"position\",\"x\"]",
                "keyframes": [
                  {
                    "id": "Pbg-0Oj6W6",
                    "position": 0,
                    "connectedRight": true,
                    "handles": [
                      0.5,
                      1,
                      0.5,
                      0.5
                    ],
                    "type": "bezier",
                    "value": 42.89136892000208
                  },
                  {
                    "id": "HEq0Rdpq8w",
                    "position": 0.867,
                    "connectedRight": true,
                    "handles": [
                      0.5,
                      0.5,
                      0.5,
                      0.5
                    ],
                    "type": "bezier",
                    "value": 42.89136892000208
                  },
                  {
                    "id": "wOGew5cCEc",
                    "position": 1.033,
                    "connectedRight": true,
                    "handles": [
                      0.5,
                      0.5,
                      0.5,
                      0.5
                    ],
                    "type": "bezier",
                    "value": 41.5629085376329
                  },
                  {
                    "id": "Mwr2tyLB_z",
                    "position": 1.5,
                    "connectedRight": true,
                    "handles": [
                      0.5,
                      0.5,
                      0.5,
                      0.5
                    ],
                    "type": "bezier",
                    "value": 41.27865231318149
                  },
                  {
                    "id": "tbpvyuLpeI",
                    "position": 2.1,
                    "connectedRight": true,
                    "handles": [
                      0.5,
                      0.5,
                      0.5,
                      0.5
                    ],
                    "type": "bezier",
                    "value": 33.68599175266029
                  },
                  {
                    "id": "Ve0llAZW1i",
                    "position": 3,
                    "connectedRight": true,
                    "handles": [
                      0.5,
                      0.5,
                      0.5,
                      0.5
                    ],
                    "type": "bezier",
                    "value": 22.99461445490083
                  },
                  {
                    "id": "W95dZO3ofj",
                    "position": 3.733,
                    "connectedRight": true,
                    "handles": [
                      0.5,
                      0.5,
                      0.5,
                      0
                    ],
                    "type": "bezier",
                    "value": 22.99461445490083
                  }
                ]
              },
              "ljZUXp2_a8": {
                "type": "BasicKeyframedTrack",
                "__debugName": "Camera:[\"position\",\"y\"]",
                "keyframes": [
                  {
                    "id": "XqW9Li5Otd",
                    "position": 0,
                    "connectedRight": true,
                    "handles": [
                      0.5,
                      1,
                      0.5,
                      0.5
                    ],
                    "type": "bezier",
                    "value": 2.0949503740150526
                  },
                  {
                    "id": "ooasfWU68y",
                    "position": 0.867,
                    "connectedRight": true,
                    "handles": [
                      0.5,
                      0.5,
                      0.5,
                      0.5
                    ],
                    "type": "bezier",
                    "value": 2.0949503740150526
                  },
                  {
                    "id": "rCwELKEtDy",
                    "position": 1.033,
                    "connectedRight": true,
                    "handles": [
                      0.5,
                      0.5,
                      0.5,
                      0.5
                    ],
                    "type": "bezier",
                    "value": 2.53855635156326
                  },
                  {
                    "id": "8RqTX7LBam",
                    "position": 1.5,
                    "connectedRight": true,
                    "handles": [
                      0.5,
                      0.5,
                      0.5,
                      0.5
                    ],
                    "type": "bezier",
                    "value": 3.140400805268211
                  },
                  {
                    "id": "i9z8FNnYY3",
                    "position": 2.1,
                    "connectedRight": true,
                    "handles": [
                      0.5,
                      0.5,
                      0.5,
                      0.5
                    ],
                    "type": "bezier",
                    "value": 4.074486765525643
                  },
                  {
                    "id": "9QSFad5s2j",
                    "position": 2.633,
                    "connectedRight": true,
                    "handles": [
                      0.5,
                      0.5,
                      0.5,
                      0.5
                    ],
                    "type": "bezier",
                    "value": 4.074486765525643
                  },
                  {
                    "id": "2471Q1YHXj",
                    "position": 3,
                    "connectedRight": true,
                    "handles": [
                      0.5,
                      0.5,
                      0.5,
                      0.5
                    ],
                    "type": "bezier",
                    "value": 4.074486765525643
                  },
                  {
                    "id": "CXpMBICMqg",
                    "position": 3.733,
                    "connectedRight": true,
                    "handles": [
                      0.5,
                      0.5,
                      0.5,
                      0
                    ],
                    "type": "bezier",
                    "value": 4.074486765525643
                  }
                ]
              },
              "IJtfv2nrs7": {
                "type": "BasicKeyframedTrack",
                "__debugName": "Camera:[\"position\",\"z\"]",
                "keyframes": [
                  {
                    "id": "MHwmbapkO0",
                    "position": 0,
                    "connectedRight": true,
                    "handles": [
                      0.5,
                      1,
                      0.5,
                      0.5
                    ],
                    "type": "bezier",
                    "value": -31.87128358978712
                  },
                  {
                    "id": "AgJwaKus7i",