{
  "sheetsById": {
    "R3F UI": {
      "staticOverrides": {
        "byObject": {
          "Editor Camera snapshot #1": {
            "transform": {
              "position": {
                "x": 25.32525596875331,
                "y": 8.439018407942573,
                "z": -24.164419963651333
              },
              "target": {
                "x": 25.325257515068987,
                "y": 8.439017072458535,
                "z": -24.16441897230311
              }
            }
          },
          "Editor Camera snapshot #2": {
            "transform": {
              "position": {
                "x": 32.914192811220886,
                "y": 9.91041519570286,
                "z": -21.16266519627335
              },
              "target": {
                "x": 25.27092153772173,
                "y": 3.453782962424482,
                "z": -28.01180255545153
              }
            }
          },
          "Editor": {
            "transformControls": {
              "mode": "rotate"
            },
            "viewport": {
              "referenceWindow": "minimized",
              "lighting": "legacy"
            }
          },
          "Editor Camera snapshot #3": {
            "transform": {
              "position": {
                "x": 23.171141719733765,
                "y": 7.840513360026281,
                "z": -37.97183115212041
              },
              "target": {
                "x": 4.488057192317998,
                "y": -0.6051299956293251,
                "z": -28.85481503322552
              }
            }
          },
          "Editor Camera snapshot #4": {
            "transform": {
              "position": {
                "x": 31.73369502913946,
                "y": 7.226679838685955,
                "z": -21.467400942849398
              },
              "target": {
                "x": 12.253507595226766,
                "y": -12.253507595226763,
                "z": -21.467400942849398
              }
            }
          }
        }
      }
    }
  },
  "definitionVersion": "0.4.0",
  "revisionHistory": [
    "42jUG5AhP2YRPl8a"
  ]
}